{
  "friends" : [ {
    "userIds" : [ "06844125393984813108" ],
    "profileIds" : [ "105126312267915112280" ],
    "contactId" : "-1",
    "photoUrl" : "/s2/photos/public/AIbEiAIAAABDCNjeusaOu5SSRyILdmNhcmRfcGhvdG8qKGJhYjA0YjdhYzM0ZGRhMTVkYWY4ZTBkNTYyYjMwZDA2NDRhZjYzY2IwAYk3D_FLz08CedWBcvCW3E8AVEPQ",
    "location" : "San Diego, California",
    "stream" : "user/06844125393984813108/state/com.google/broadcast",
    "flags" : 33,
    "displayName" : "Andrew DeFaria",
    "givenName" : "Andrew",
    "n" : "",
    "p" : "",
    "occupation" : "Computer Consultant",
    "websites" : [ {
      "title" : "Andrew DeFaria",
      "url" : "http://www.youtube.com/user/adefaira"
    }, {
      "title" : "andrew_defaria",
      "url" : "http://www.flickr.com/people/andrew_defaria/"
    }, {
      "title" : "Picasa Web Albums - adefaria",
      "url" : "http://picasaweb.google.com/adefaria"
    }, {
      "title" : "My shared items in Google Reader",
      "url" : "http://www.google.com/reader/shared/06844125393984813108"
    }, {
      "title" : "Andrew DeFaria",
      "url" : "http://pulse.yahoo.com/_I3IOICROH2ZXUWR2ZNI4MT6IOE"
    }, {
      "title" : "http://www.linkedin.com/pub/1/992/995/",
      "url" : "http://www.linkedin.com/profile/view?id=5416961&locale=en_US&trk=tab_pro"
    }, {
      "title" : "adefaria",
      "url" : "http://twitter.com/adefaria"
    }, {
      "title" : "YouTube - adefaira",
      "url" : "http://youtube.com/user/adefaira"
    }, {
      "title" : "andrewdefaria",
      "url" : "https://www.facebook.com/andrewdefaria"
    }, {
      "title" : "ClearSCM, Inc.",
      "url" : "http://clearscm.com"
    } ],
    "hasSharedItemsOnProfile" : true
  } ]
}