{
  "friends" : [ {
    "userIds" : [ "14314643227457426793" ],
    "profileIds" : [ "104817794676286355583" ],
    "contactId" : "-1",
    "photoUrl" : "/s2/photos/public/AIbEiAIAAABDCP_ww8a314_uQiILdmNhcmRfcGhvdG8qKDI3MzgzNjZhODM5ZjgzYWFkZjA3M2UxZDdjOGM3ODNjNjk4ZTM1MTEwARDJE2q9egpd5kyKfMsgLQTuYTXF",
    "location" : "Kennesaw, GA",
    "stream" : "user/14314643227457426793/state/com.google/broadcast",
    "flags" : 32,
    "types" : [ 0 ],
    "displayName" : "Charles Pleiss",
    "givenName" : "Charles",
    "n" : "",
    "p" : "",
    "occupation" : "Technical Support",
    "websites" : [ {
      "title" : "charlesptech",
      "url" : "http://twitter.com/charlesptech"
    }, {
      "title" : "Microsoft Certified Desktop Support Technician",
      "url" : "https://www.mcpvirtualbusinesscard.com/VBCServer/charlesptech/profile"
    }, {
      "title" : "Picasa Web Albums",
      "url" : "http://picasaweb.google.com/charlesptech"
    }, {
      "title" : "Charles Pleiss",
      "url" : "http://www.youtube.com/user/Charlesptech"
    }, {
      "title" : "My shared items in Google Reader",
      "url" : "http://www.google.com/reader/shared/charlesptech"
    }, {
      "title" : "in/charlesptech",
      "url" : "http://www.linkedin.com/in/charlesptech"
    }, {
      "title" : "My web-site",
      "url" : "http://www.charlesptech.com"
    } ]
  }, {
    "userIds" : [ "06844125393984813108" ],
    "profileIds" : [ "105126312267915112280" ],
    "contactId" : "-1",
    "photoUrl" : "/s2/photos/public/AIbEiAIAAABDCNjeusaOu5SSRyILdmNhcmRfcGhvdG8qKGJhYjA0YjdhYzM0ZGRhMTVkYWY4ZTBkNTYyYjMwZDA2NDRhZjYzY2IwAYk3D_FLz08CedWBcvCW3E8AVEPQ",
    "location" : "San Diego, California",
    "stream" : "user/06844125393984813108/state/com.google/broadcast",
    "flags" : 33,
    "displayName" : "Andrew DeFaria",
    "givenName" : "Andrew",
    "n" : "",
    "p" : "",
    "occupation" : "Computer Consultant",
    "websites" : [ {
      "title" : "Andrew DeFaria",
      "url" : "http://www.youtube.com/user/adefaira"
    }, {
      "title" : "andrew_defaria",
      "url" : "http://www.flickr.com/people/andrew_defaria/"
    }, {
      "title" : "Picasa Web Albums - adefaria",
      "url" : "http://picasaweb.google.com/adefaria"
    }, {
      "title" : "My shared items in Google Reader",
      "url" : "http://www.google.com/reader/shared/06844125393984813108"
    }, {
      "title" : "Andrew DeFaria",
      "url" : "http://pulse.yahoo.com/_I3IOICROH2ZXUWR2ZNI4MT6IOE"
    }, {
      "title" : "http://www.linkedin.com/pub/1/992/995/",
      "url" : "http://www.linkedin.com/profile/view?id=5416961&locale=en_US&trk=tab_pro"
    }, {
      "title" : "adefaria",
      "url" : "http://twitter.com/adefaria"
    }, {
      "title" : "YouTube - adefaira",
      "url" : "http://youtube.com/user/adefaira"
    }, {
      "title" : "andrewdefaria",
      "url" : "https://www.facebook.com/andrewdefaria"
    }, {
      "title" : "ClearSCM, Inc.",
      "url" : "http://clearscm.com"
    } ],
    "hasSharedItemsOnProfile" : true
  } ]
}