{
  "id" : "user/06844125393984813108/state/com.google/like",
  "title" : "\"like\" via None in Google Reader",
  "author" : "None",
  "updated" : 1299649787,
  "direction" : "ltr",
  "items" : [ {
    "isReadStateLocked" : true,
    "crawlTimeMsec" : "1299649787790",
    "timestampUsec" : "1299649787790726",
    "id" : "tag:google.com,2005:reader/item/f9b21c216124fb77",
    "categories" : [ "user/06844125393984813108/state/com.google/like", "user/06844125393984813108/state/com.google/read", "user/06844125393984813108/state/com.google/tracking-kept-unread" ],
    "title" : "Episode #204 (Originally Aired 3/4/11)",
    "published" : 1299474000,
    "updated" : 1299474000,
    "related" : [ {
      "href" : "http://www.hbo.com/real-time-with-bill-maher"
    } ],
    "alternate" : [ {
      "href" : "http://pdl.cdn.hbo.com/podcasts/billmaher/955743_dl.mp3",
      "type" : "text/html"
    } ],
    "enclosure" : [ {
      "href" : "http://pdl.cdn.hbo.com/podcasts/billmaher/955743_dl.mp3",
      "type" : "audio/x-mpeg",
      "length" : "32126126"
    } ],
    "summary" : {
      "direction" : "ltr",
      "content" : "Episode #204 (Originally Aired 3/4/11)"
    },
    "comments" : [ ],
    "annotations" : [ ],
    "origin" : {
      "streamId" : "feed/http://www.hbo.com/podcasts/billmaher/podcast.xml",
      "title" : "Real Time with Bill Maher",
      "htmlUrl" : "http://www.hbo.com/real-time-with-bill-maher"
    }
  }, {
    "isReadStateLocked" : true,
    "crawlTimeMsec" : "1297255774911",
    "timestampUsec" : "1297255774911980",
    "id" : "tag:google.com,2005:reader/item/47c443fff44db7e4",
    "categories" : [ "user/06844125393984813108/state/com.google/like", "user/06844125393984813108/state/com.google/read", "user/06844125393984813108/state/com.google/tracking-item-link-used" ],
    "title" : "Perl Programming Best Practices 2011 (part 2 - exceptions)",
    "published" : 1297209600,
    "updated" : 1297209600,
    "alternate" : [ {
      "href" : "http://perltraining.com.au/tips/2011-02-09.html",
      "type" : "text/html"
    } ],
    "content" : {
      "direction" : "ltr",
      "content" : "<p>Over the next few tips, we'll be covering current best practices for\nprogramming Perl.  In this tip we talk about smart exception handling.</p>\n\n<h2>Exception handling</h2>\n<p>All of Perl's built-in functions are silent on failure.  This means that we\nhave to write a lot of code like this:</p>\n<pre>\n        open my $fh, &quot;&lt;&quot;, $filename or die &quot;Failed to open $filename $!&quot;;\n\n        while(&lt;$fh&gt;) {\n\n        }\n\n        close $fh or die &quot;Failed to close filehandle: $!&quot;;</pre>\n<p>This is problematic, because if we forget to check for an error, then we\nmay never know that there was a problem.  Fortunately, from 5.10.1\n<code>autodie</code> comes standard with Perl so now we can allow <code>autodie</code> to do\nour error handling for us.  <code>autodie</code> changes all of Perl's built-in\nfunctions to throw an exception on failure.</p>\n\n<p><b><a href=\"http://perltraining.com.au/tips/2011-02-09.html\">Read more...</a></b></p><div>\n<a href=\"http://feeds.feedburner.com/~ff/PerlTips?a=PE-RBplLkDU:JZndOq8RtGU:yIl2AUoC8zA\"><img src=\"http://feeds.feedburner.com/~ff/PerlTips?d=yIl2AUoC8zA\" border=\"0\"></a> <a href=\"http://feeds.feedburner.com/~ff/PerlTips?a=PE-RBplLkDU:JZndOq8RtGU:F7zBnMyn0Lo\"><img src=\"http://feeds.feedburner.com/~ff/PerlTips?i=PE-RBplLkDU:JZndOq8RtGU:F7zBnMyn0Lo\" border=\"0\"></a> <a href=\"http://feeds.feedburner.com/~ff/PerlTips?a=PE-RBplLkDU:JZndOq8RtGU:V_sGLiPBpWU\"><img src=\"http://feeds.feedburner.com/~ff/PerlTips?i=PE-RBplLkDU:JZndOq8RtGU:V_sGLiPBpWU\" border=\"0\"></a> <a href=\"http://feeds.feedburner.com/~ff/PerlTips?a=PE-RBplLkDU:JZndOq8RtGU:qj6IDK7rITs\"><img src=\"http://feeds.feedburner.com/~ff/PerlTips?d=qj6IDK7rITs\" border=\"0\"></a> <a href=\"http://feeds.feedburner.com/~ff/PerlTips?a=PE-RBplLkDU:JZndOq8RtGU:gIN9vFwOqvQ\"><img src=\"http://feeds.feedburner.com/~ff/PerlTips?i=PE-RBplLkDU:JZndOq8RtGU:gIN9vFwOqvQ\" border=\"0\"></a>\n</div>"
    },
    "comments" : [ ],
    "annotations" : [ ],
    "origin" : {
      "streamId" : "feed/http://perltraining.com.au/tips/index.atom",
      "title" : "Perl Tips",
      "htmlUrl" : "http://perltraining.com.au/tips/"
    }
  }, {
    "isReadStateLocked" : true,
    "crawlTimeMsec" : "1297255772876",
    "timestampUsec" : "1297255772876573",
    "id" : "tag:google.com,2005:reader/item/53f92dbf2c7ecfa1",
    "categories" : [ "user/06844125393984813108/state/com.google/like", "user/06844125393984813108/state/com.google/read", "user/06844125393984813108/state/com.google/tracking-item-link-used" ],
    "title" : "Perl Programming Best Practices 2011 (part 1 - Modern Perl features)",
    "published" : 1296000000,
    "updated" : 1296000000,
    "alternate" : [ {
      "href" : "http://perltraining.com.au/tips/2011-01-26.html",
      "type" : "text/html"
    } ],
    "content" : {
      "direction" : "ltr",
      "content" : "<p>Over the next few tips, we'll be covering current best practices for\nprogramming Perl.</p>\n<h2>Introduction</h2>\n<p>In 2005, Dr Damian Conway published the very popular &quot;Perl Best Practices&quot; book\nwhich details 256 &quot;best practices&quot; for Perl programming.  While some of these\n&quot;best practices&quot; have been further improved on in the ensuing 5 years, many of\nthem remain excellent practices for your coding. If you have not yet read this\nbook, we strongly recommend that you do so! In this sequence of Perl tips we\nwill cover a wide selection of current best practices, taking into account the\nideas and modernisations that Perl has undergone..</p>\n\n<p><b><a href=\"http://perltraining.com.au/tips/2011-01-26.html\">Read more...</a></b></p><div>\n<a href=\"http://feeds.feedburner.com/~ff/PerlTips?a=7G3mioZf2KM:HTC3IPCC6lQ:yIl2AUoC8zA\"><img src=\"http://feeds.feedburner.com/~ff/PerlTips?d=yIl2AUoC8zA\" border=\"0\"></a> <a href=\"http://feeds.feedburner.com/~ff/PerlTips?a=7G3mioZf2KM:HTC3IPCC6lQ:F7zBnMyn0Lo\"><img src=\"http://feeds.feedburner.com/~ff/PerlTips?i=7G3mioZf2KM:HTC3IPCC6lQ:F7zBnMyn0Lo\" border=\"0\"></a> <a href=\"http://feeds.feedburner.com/~ff/PerlTips?a=7G3mioZf2KM:HTC3IPCC6lQ:V_sGLiPBpWU\"><img src=\"http://feeds.feedburner.com/~ff/PerlTips?i=7G3mioZf2KM:HTC3IPCC6lQ:V_sGLiPBpWU\" border=\"0\"></a> <a href=\"http://feeds.feedburner.com/~ff/PerlTips?a=7G3mioZf2KM:HTC3IPCC6lQ:qj6IDK7rITs\"><img src=\"http://feeds.feedburner.com/~ff/PerlTips?d=qj6IDK7rITs\" border=\"0\"></a> <a href=\"http://feeds.feedburner.com/~ff/PerlTips?a=7G3mioZf2KM:HTC3IPCC6lQ:gIN9vFwOqvQ\"><img src=\"http://feeds.feedburner.com/~ff/PerlTips?i=7G3mioZf2KM:HTC3IPCC6lQ:gIN9vFwOqvQ\" border=\"0\"></a>\n</div>"
    },
    "comments" : [ ],
    "annotations" : [ ],
    "origin" : {
      "streamId" : "feed/http://perltraining.com.au/tips/index.atom",
      "title" : "Perl Tips",
      "htmlUrl" : "http://perltraining.com.au/tips/"
    }
  } ]
}