{
  "id" : "user/06844125393984813108/source/com.google/post",
  "title" : "\"post\" via None in Google Reader",
  "author" : "None",
  "updated" : 1279222943,
  "direction" : "ltr",
  "items" : [ {
    "isReadStateLocked" : true,
    "crawlTimeMsec" : "1279222943963",
    "timestampUsec" : "1279222943963091",
    "id" : "tag:google.com,2005:reader/item/d9805ff615d2ee98",
    "categories" : [ "user/06844125393984813108/source/com.google/link", "user/06844125393984813108/state/com.google/broadcast", "user/06844125393984813108/state/com.google/read" ],
    "title" : "My Google Profile",
    "published" : 1279222943,
    "updated" : 1279222943,
    "alternate" : [ {
      "href" : "http://www.google.com/profiles/adefaria",
      "type" : "text/html"
    } ],
    "related" : [ {
      "href" : "http://www.google.com/profiles/",
      "title" : "Google Profiles"
    } ],
    "content" : {
      "direction" : "ltr",
      "content" : "Check out my <a href=\"http://www.google.com/profiles/adefaria\">new Google profile</a>."
    },
    "comments" : [ ],
    "annotations" : [ ],
    "origin" : {
      "streamId" : "user/06844125393984813108/source/com.google/link",
      "title" : "Google Profiles",
      "htmlUrl" : "http://www.google.com/profiles/"
    }
  } ]
}