{
  "id" : "user/06844125393984813108/state/com.google/broadcast",
  "title" : "None's shared items in Google Reader",
  "author" : "None",
  "updated" : 1311275841,
  "direction" : "ltr",
  "items" : [ {
    "isReadStateLocked" : true,
    "crawlTimeMsec" : "1311275841925",
    "timestampUsec" : "1311275841925771",
    "id" : "tag:google.com,2005:reader/item/54046709f433b546",
    "categories" : [ "user/06844125393984813108/state/com.google/broadcast", "user/06844125393984813108/state/com.google/read", "user/06844125393984813108/state/com.google/tracking-item-link-used", "user/06844125393984813108/state/com.google/tracking-kept-unread", "java" ],
    "title" : "Windows XP In a Browser",
    "published" : 1311271080,
    "updated" : 1311271080,
    "alternate" : [ {
      "href" : "http://developers.slashdot.org/story/11/07/21/1743227/Windows-XP-In-a-Browser?utm_source=rss1.0&utm_medium=feed",
      "type" : "text/html"
    } ],
    "summary" : {
      "direction" : "ltr",
      "content" : "An anonymous reader writes &quot;JPC — the pure java PC emulator — has now been upgraded to JPC2, and can run WindowsXP inside the Java Applet sandbox.&quot;<p><a href=\"http://www.facebook.com/sharer.php?u=http%3A%2F%2Fdevelopers.slashdot.org%2Fstory%2F11%2F07%2F21%2F1743227%2FWindows-XP-In-a-Browser%3Futm_source%3Dslashdot%26utm_medium%3Dfacebook\" title=\"Share on Facebook\"><img src=\"http://a.fsdn.com/sd/facebook_icon_large.png\"></a>\n   \n      <a href=\"http://twitter.com/home?status=Windows+XP+In+a+Browser%3A+http%3A%2F%2Fbit.ly%2FpiSomu\" title=\"Share on Twitter\"><img src=\"http://a.fsdn.com/sd/twitter_icon_large.png\"></a></p><p><a href=\"http://developers.slashdot.org/story/11/07/21/1743227/Windows-XP-In-a-Browser?utm_source=rss1.0&amp;utm_medium=feed\">Read more of this story</a> at Slashdot.</p>"
    },
    "author" : "timothy",
    "comments" : [ ],
    "annotations" : [ ],
    "origin" : {
      "streamId" : "feed/http://rss.slashdot.org/slashdot/classic",
      "title" : "Slashdot",
      "htmlUrl" : "http://slashdot.org/"
    }
  }, {
    "isReadStateLocked" : true,
    "crawlTimeMsec" : "1310687152879",
    "timestampUsec" : "1310687152879288",
    "id" : "tag:google.com,2005:reader/item/ac33cbc1f4a76360",
    "categories" : [ "user/06844125393984813108/state/com.google/broadcast", "user/06844125393984813108/state/com.google/read", "personalization" ],
    "title" : "Shareable Google News badges for your favorite topics",
    "published" : 1310684400,
    "updated" : 1310684473,
    "alternate" : [ {
      "href" : "http://feedproxy.google.com/~r/blogspot/MKuf/~3/jcx_4hKzxhk/shareable-google-news-badges-for-your.html",
      "type" : "text/html"
    } ],
    "canonical" : [ {
      "href" : "http://googleblog.blogspot.com/2011/07/shareable-google-news-badges-for-your.html"
    } ],
    "content" : {
      "direction" : "ltr",
      "content" : "<i>(Cross-posted on the <a href=\"http://googlenewsblog.blogspot.com/2011/07/shareable-google-news-badges-for-your.html\">Google News Blog</a>)</i><br>\n<br>\nOn Google News, the average reader of political news has read 20 articles about politics in the last six months. Where do you stand? <br>\n<br>\nStarting today, in the U.S. edition of <a href=\"http://news.google.com/\">Google News</a>, you can see how voracious a news reader you are by earning Google News badges as you read articles about your favorite topics. The more you read, the higher level badge you’ll receive, starting with Bronze, then moving up the ladder to Silver, Gold, Platinum and finally, Ultimate. <br>\n<br>\n<iframe frameborder=\"0\" height=\"349\" src=\"http://www.youtube.com/embed/QP5szEn2dxs\" width=\"560\"></iframe><br>\n<br>\nWe have more than 500 badges available, so no matter what kind of news you’re into, there’s a badge out there for you. Here’s a taste:<br>\n<br>\n<div style=\"clear:both;text-align:center\">\n<a href=\"http://4.bp.blogspot.com/-1Vms0tjzSC0/Th9f984NrRI/AAAAAAAAIRA/PlxJUNauA8E/s1600/badges_screenshot.jpg\" style=\"margin-left:1em;margin-right:1em\"><img border=\"0\" height=\"103\" src=\"http://4.bp.blogspot.com/-1Vms0tjzSC0/Th9f984NrRI/AAAAAAAAIRA/PlxJUNauA8E/s400/badges_screenshot.jpg\" width=\"400\"></a></div>\n<div style=\"clear:both;text-align:center\">\n<br></div>\nYour badges are private by default, but if you want, you can share your badges with your friends. Tell them about your news interests, display your expertise, start a conversation or just plain brag about how well-read you are. You can also add custom sections by hovering on a badge and clicking “add section” to read more about your favorite topics. To get started with badges, visit Google News from a signed-in account with <a href=\"https://www.google.com/history/\">web history</a> enabled and then visit this page on our <a href=\"http://news.google.com/support/bin/answer.py?hl=en&amp;answer=1237021\">Help Center</a> for instructions. <br>\n<br>\nThis is just the first step—the bronze release, if you will—of Google News badges. Once we see how badges are used and shared, we look forward to taking this feature to the next level.<br>\n<br>\nIn the spirit of continually trying to improve Google News, we have heard loud and clear from the many of you who asked us to separate our Sci/Tech section into two distinct sections. We are happy to report that we have now done this for all English editions, with more languages coming soon. We also combined some personalization settings from the “News for you” and News Settings menu into one handy sidebar at the top right corner of the home page, so you can easily tell us what you want to read on your Google News.<br>\n<br>\n<iframe frameborder=\"0\" height=\"349\" src=\"http://www.youtube.com/embed/JmxL5BlVzZQ\" width=\"560\"></iframe><br>\n<br>\nWe hope you’ll badge up on Google News to keep track of what you’re reading, read more of what you love and share your passions with your friends.<br>\n<br>\n<span>Posted by Natasha Mohanty, Engineer, Google News</span><div><img width=\"1\" height=\"1\" src=\"https://blogger.googleusercontent.com/tracker/10861780-8007426953351733134?l=googleblog.blogspot.com\" alt=\"\"></div><div>\n<a href=\"http://feeds.feedburner.com/~ff/blogspot/MKuf?a=jcx_4hKzxhk:lPXsjZB0vkQ:yIl2AUoC8zA\"><img src=\"http://feeds.feedburner.com/~ff/blogspot/MKuf?d=yIl2AUoC8zA\" border=\"0\"></a> <a href=\"http://feeds.feedburner.com/~ff/blogspot/MKuf?a=jcx_4hKzxhk:lPXsjZB0vkQ:-BTjWOF_DHI\"><img src=\"http://feeds.feedburner.com/~ff/blogspot/MKuf?i=jcx_4hKzxhk:lPXsjZB0vkQ:-BTjWOF_DHI\" border=\"0\"></a> <a href=\"http://feeds.feedburner.com/~ff/blogspot/MKuf?a=jcx_4hKzxhk:lPXsjZB0vkQ:V_sGLiPBpWU\"><img src=\"http://feeds.feedburner.com/~ff/blogspot/MKuf?i=jcx_4hKzxhk:lPXsjZB0vkQ:V_sGLiPBpWU\" border=\"0\"></a>\n</div><img src=\"http://feeds.feedburner.com/~r/blogspot/MKuf/~4/jcx_4hKzxhk\" height=\"1\" width=\"1\">"
    },
    "author" : "A Googler",
    "comments" : [ ],
    "annotations" : [ ],
    "origin" : {
      "streamId" : "feed/http://googleblog.blogspot.com/atom.xml",
      "title" : "The Official Google Blog",
      "htmlUrl" : "http://googleblog.blogspot.com/"
    }
  }, {
    "isReadStateLocked" : true,
    "crawlTimeMsec" : "1294166749804",
    "timestampUsec" : "1294166749804503",
    "id" : "tag:google.com,2005:reader/item/6ae07109789eff97",
    "categories" : [ "user/06844125393984813108/state/com.google/broadcast", "user/06844125393984813108/state/com.google/read", "2011", "bmw", "bmw idrive", "BmwIdrive", "ces", "ces 2011", "ces2011", "dash", "dashboard", "graphics", "idrive", "infotainment", "instrument cluster", "InstrumentCluster", "model s", "ModelS", "navigation", "nvidia", "tegra", "tesla", "tesla model s", "tesla motors", "TeslaModelS", "TeslaMotors", "touchscreen" ],
    "title" : "Tesla Model S to have 17-inch infotainment console powered by Tegra; BMW using NVIDIA tech too",
    "published" : 1294151820,
    "updated" : 1294151820,
    "alternate" : [ {
      "href" : "http://www.engadget.com/2011/01/04/tesla-model-s-to-have-17-inch-infotainment-console-powered-by-t/",
      "type" : "text/html"
    } ],
    "summary" : {
      "direction" : "ltr",
      "content" : "<div style=\"text-align:center\"><a href=\"http://www.engadget.com/2011/01/04/tesla-model-s-to-have-17-inch-infotainment-console-powered-by-t/\"><img vspace=\"4\" hspace=\"4\" border=\"1\" alt=\"\" src=\"http://www.blogcdn.com/www.engadget.com/media/2011/01/11x0104ub53rt.jpg\"></a></div>\nTesla is touting the world's biggest center console for its upcoming <a href=\"http://www.engadget.com/2011/01/02/tesla-assures-57k-model-s-will-be-profitable-sexy-looking-too/\">Model S</a> today: a titanic 17-inch touchscreen display powered by NVIDIA's Tegra chip. Infotainment, climate control and navigation will all be managed using the vast dashboard dominator, while NVIDIA's hardware will also take responsibility for keeping the 12.3-inch instrument cluster LCD updated. Considering the Model S, like the <a href=\"http://www.engadget.com/all/teslaroadster\">Roadster</a> before it, is an all-electric vehicle, you'd expect energy efficiency to be a pretty important consideration in the choice of infotainment system and Tesla points that out as a key advantage of Tegra, describing it as \"power-stingy.\" Another motor company hooking up with NVIDIA is BMW, who promises that <em>all</em> of its upcoming models for 2011 will benefit from Green Team GPUs powering their iDrive navigation and information systems. We don't know what exact GPUs will be used, but a \"visually rich\" next-gen UI is being promised, stretching out to a 1280 x 600 resolution. You'll find both press releases after the break.<p><a href=\"http://www.engadget.com/2011/01/04/tesla-model-s-to-have-17-inch-infotainment-console-powered-by-t/\" rel=\"bookmark\">Continue reading <em>Tesla Model S to have 17-inch infotainment console powered by Tegra; BMW using NVIDIA tech too</em></a></p><p style=\"padding:5px;background:#ddd;border:1px solid #ccc;clear:both\"><a href=\"http://www.engadget.com/2011/01/04/tesla-model-s-to-have-17-inch-infotainment-console-powered-by-t/\">Tesla Model S to have 17-inch infotainment console powered by Tegra; BMW using NVIDIA tech too</a> originally appeared on <a href=\"http://www.engadget.com\">Engadget</a> on Tue, 04 Jan 2011 10:37:00 EDT.  Please see our <a href=\"http://www.weblogsinc.com/feed-terms/\">terms for use of feeds</a>.</p><h6 style=\"clear:both;padding:8px 0 0 0;height:2px;font-size:1px;border:0;margin:0;padding:0\"></h6><a href=\"http://www.engadget.com/2011/01/04/tesla-model-s-to-have-17-inch-infotainment-console-powered-by-t/\" rel=\"bookmark\" title=\"Permanent link to this entry\">Permalink</a>   |    | <a href=\"http://www.engadget.com/forward/19786026/\" title=\"Send this entry to a friend via email\">Email this</a> | <a href=\"http://www.engadget.com/2011/01/04/tesla-model-s-to-have-17-inch-infotainment-console-powered-by-t/#comments\" title=\"View reader comments on this entry\">Comments</a>"
    },
    "author" : "Vlad Savov",
    "comments" : [ ],
    "annotations" : [ ],
    "origin" : {
      "streamId" : "feed/http://www.engadget.com/rss.xml",
      "title" : "Engadget RSS Feed",
      "htmlUrl" : "http://www.engadget.com"
    }
  }, {
    "isReadStateLocked" : true,
    "crawlTimeMsec" : "1283228025964",
    "timestampUsec" : "1283228025964200",
    "id" : "tag:google.com,2005:reader/item/489f51ec567f306f",
    "categories" : [ "user/06844125393984813108/state/com.google/broadcast", "user/06844125393984813108/state/com.google/read", "apps" ],
    "title" : "Email overload? Try Priority Inbox",
    "published" : 1283226900,
    "updated" : 1283294656,
    "alternate" : [ {
      "href" : "http://feedproxy.google.com/~r/blogspot/MKuf/~3/p3uVAG9oS18/email-overload-try-priority-inbox.html",
      "type" : "text/html"
    } ],
    "canonical" : [ {
      "href" : "http://googleblog.blogspot.com/2010/08/email-overload-try-priority-inbox.html"
    } ],
    "content" : {
      "direction" : "ltr",
      "content" : "<span style=\"font-style:italic\">(Cross-posted from the <a href=\"http://gmailblog.blogspot.com/2010/08/email-overload-try-priority-inbox.html\">Gmail Blog</a>)</span><br><br>People tell us all the time that they’re getting more and more mail and often feel overwhelmed by it all. We know what you mean—here at Google we run on email. Our inboxes are slammed with hundreds, sometimes thousands of messages a day—mail from colleagues, from lists, about appointments and automated mail that’s often not important. It’s time-consuming to figure out what needs to be read and what needs a reply. Today, we’re happy to introduce <a href=\"http://www.gmail.com/priorityinbox\">Priority Inbox</a> (in beta)—an experimental new way of taking on information overload in Gmail.<br><br>Gmail has always been pretty good at filtering junk mail into the “spam” folder. But today, in addition to spam, people get a lot of mail that isn't outright junk but isn't very important—bologna, or “<a href=\"http://en.wikipedia.org/wiki/Bacn\">bacn</a>.”  So we've evolved Gmail's filter to address this problem and extended it to not only classify outright spam, but also to help users separate this \"bologna\" from the important stuff. In a way, Priority Inbox is like your personal assistant, helping you focus on the messages that matter without requiring you to set up complex rules.<br><br><iframe src=\"http://reader.googleusercontent.com/reader/embediframe?src=http://www.youtube.com/v/5nt3gE9dGHQ?fs%3D1%26hl%3Den_US%26rel%3D0&amp;width=530&amp;height=323\" width=\"530\" height=\"323\"></iframe><br><br>Priority Inbox splits your inbox into three sections: “Important and unread,” “Starred” and “Everything else”:<br><br><a href=\"http://4.bp.blogspot.com/_JE4qNpFW6Yk/THxYa8Dm-kI/AAAAAAAAAsY/rtemh6ninwY/s1600/priority_inbox_quick_guide.png\"><img style=\"display:block;margin:0px auto 10px;text-align:center;width:400px;height:139px\" src=\"http://4.bp.blogspot.com/_JE4qNpFW6Yk/THxYa8Dm-kI/AAAAAAAAAsY/rtemh6ninwY/s400/priority_inbox_quick_guide.png\" alt=\"\" border=\"0\"></a><br><br>As messages come in, Gmail automatically flags some of them as important. Gmail uses a variety of signals to predict which messages are important, including the people you email most (if you email Bob a lot, a message from Bob is probably important) and which messages you open and reply to (these are likely more important than the ones you skip over). And as you use Gmail, it will get better at categorizing messages for you. You can help it get better by clicking the <img style=\"width:18px;height:16px\" src=\"http://2.bp.blogspot.com/_JE4qNpFW6Yk/THxaq0Wct7I/AAAAAAAAAtA/OqGaMpsNZ7c/s400/plus3.png\" alt=\"\" border=\"0\"> or <img style=\"width:18px;height:16px\" src=\"http://4.bp.blogspot.com/_JE4qNpFW6Yk/THxa9mqjiyI/AAAAAAAAAtI/j_6UONU2Q-4/s400/minus3.png\" alt=\"\" border=\"0\"> buttons at the top of the inbox to correctly mark a conversation as important or not important. (You can even set up filters to always mark certain things important or unimportant, or rearrange and customize the three inbox sections.)<br><br>After lots of internal testing here at Google, as well as with Gmail and Google Apps users at home and at work, we’re ready for more people to try it out. Priority Inbox will be rolling out to all Gmail users, including those of you who use <a href=\"http://googleenterprise.blogspot.com/\">Google Apps</a>, over the next week or so. Once you see the \"<span style=\"color:red\"><b>New! Priority Inbox</b></span>\" link in the top right corner of your Gmail account (or the new Priority Inbox tab in Gmail Settings), take a look.<br><br><span>Posted by Doug Aberdeen, Software Engineer</span><div><img width=\"1\" height=\"1\" src=\"https://blogger.googleusercontent.com/tracker/10861780-321002441255467973?l=googleblog.blogspot.com\" alt=\"\"></div><div>\n<a href=\"http://feeds.feedburner.com/~ff/blogspot/MKuf?a=p3uVAG9oS18:TAvFS599OzY:yIl2AUoC8zA\"><img src=\"http://feeds.feedburner.com/~ff/blogspot/MKuf?d=yIl2AUoC8zA\" border=\"0\"></a> <a href=\"http://feeds.feedburner.com/~ff/blogspot/MKuf?a=p3uVAG9oS18:TAvFS599OzY:-BTjWOF_DHI\"><img src=\"http://feeds.feedburner.com/~ff/blogspot/MKuf?i=p3uVAG9oS18:TAvFS599OzY:-BTjWOF_DHI\" border=\"0\"></a> <a href=\"http://feeds.feedburner.com/~ff/blogspot/MKuf?a=p3uVAG9oS18:TAvFS599OzY:V_sGLiPBpWU\"><img src=\"http://feeds.feedburner.com/~ff/blogspot/MKuf?i=p3uVAG9oS18:TAvFS599OzY:V_sGLiPBpWU\" border=\"0\"></a>\n</div><img src=\"http://feeds.feedburner.com/~r/blogspot/MKuf/~4/p3uVAG9oS18\" height=\"1\" width=\"1\">"
    },
    "author" : "A Googler",
    "comments" : [ ],
    "annotations" : [ ],
    "origin" : {
      "streamId" : "feed/http://googleblog.blogspot.com/atom.xml",
      "title" : "The Official Google Blog",
      "htmlUrl" : "http://googleblog.blogspot.com/"
    }
  }, {
    "isReadStateLocked" : true,
    "crawlTimeMsec" : "1279655926621",
    "timestampUsec" : "1279655926621955",
    "id" : "tag:google.com,2005:reader/item/ff279b95982d8b0c",
    "categories" : [ "user/06844125393984813108/state/com.google/broadcast", "user/06844125393984813108/state/com.google/kept-unread", "user/06844125393984813108/state/com.google/read", "user/06844125393984813108/state/com.google/tracking-body-link-used", "user/06844125393984813108/state/com.google/tracking-kept-unread" ],
    "title" : "FeedSquares for Chrome - Supercharge your Google Reader!",
    "published" : 1275986520,
    "updated" : 1331097522,
    "alternate" : [ {
      "href" : "http://blog.rocketinbottle.com/2010/06/feedsquares-for-chromeandroid.html",
      "type" : "text/html"
    } ],
    "replies" : [ {
      "href" : "http://blog.rocketinbottle.com/feeds/6659963754913000977/comments/default",
      "title" : "Post Comments",
      "type" : "application/atom+xml"
    }, {
      "href" : "http://blog.rocketinbottle.com/2010/06/feedsquares-for-chromeandroid.html#comment-form",
      "title" : "4 Comments",
      "type" : "text/html"
    } ],
    "content" : {
      "direction" : "ltr",
      "content" : "<div style=\"clear:both;text-align:center\"><a href=\"https://chrome.google.com/extensions/detail/ddkahgkblobiogkkeedfnjkldecloidi\"><img border=\"0\" src=\"http://lh3.ggpht.com/_dvvucIDCi0c/TA35_M5ZhMI/AAAAAAAAAMo/y9sL-3I6tlQ/s800/intro.jpg\"></a><span></span><span></span></div><div style=\"clear:both;text-align:center\"></div><div style=\"text-align:left\"><br></div><div style=\"clear:both;text-align:center\"></div><div style=\"clear:both;text-align:center\"></div><div style=\"clear:both;text-align:center\"></div><div style=\"clear:both;text-align:center\"></div><div style=\"clear:both;text-align:center\"></div><div style=\"text-align:left\"></div><div style=\"text-align:left\"></div><div style=\"text-align:left\"></div><div style=\"text-align:left\">Want a refreshing way to use Google  Reader? Check out <a href=\"https://chrome.google.com/extensions/detail/ddkahgkblobiogkkeedfnjkldecloidi\">FeedSquares  for Chrome</a> now and begin to read your favorite feeds in style! It&#39;s beautiful, it&#39;s easy to use, and Google agrees - we have just been picked by Google Chrome team as a top extension! If you are not using Google Chrome as your browser, come see <a href=\"https://chrome.google.com/extensions/detail/ddkahgkblobiogkkeedfnjkldecloidi\">one more reason</a> why you should.</div><br>Google has definitely done a great job on Google Reader's default interface. But after sticking with the same interface for years, you might be itchy for something new. If you are a visual person, or you just love to see what \"HTML5\" can really do, or you just want to try new, beautiful things, you should check out FeedSquares!<br><br><div style=\"clear:both;text-align:center\"><img border=\"0\" src=\"http://lh5.ggpht.com/_dvvucIDCi0c/TA3tcMe_QHI/AAAAAAAAAMQ/tvfBmTasMvE/s800/shot2.jpg\"></div><br><br>FeedSquares fully synchronizes your subscriptions and items' read/star  statuses from and to Google Reader. It gives you a visual, personalized lightweight listing of feed items with image  previews. It also provides easy sharing to your Reader stream, twitter and such.<br><br>Make no mistake about it, despite the ease of use, we also provide a full arsenal for the feed warriors out there to battle their unread counts. Shortcut keys is coming up in the next version.<br><br><div style=\"clear:both;text-align:center\"><img border=\"0\" src=\"http://lh5.ggpht.com/_dvvucIDCi0c/TA30gEIXrTI/AAAAAAAAAMk/AP7W6nuJ64Q/s800/shot3.jpg\"></div><br>So, news and feed lovers of the world, please do give us comments and your feedback! And hope FeedSquares will be an enjoyable experience for you all. Here's a big download button for the Chrome version:<br><br><div style=\"clear:both;text-align:center\"><a href=\"https://chrome.google.com/extensions/detail/ddkahgkblobiogkkeedfnjkldecloidi\"><img border=\"0\" src=\"http://lh4.ggpht.com/_dvvucIDCi0c/TA4B3UKouhI/AAAAAAAAAMw/fUfYekRUfFE/s800/download.png\"></a></div><br><br><br><b>Download Links:</b><br><a href=\"https://chrome.google.com/extensions/detail/ddkahgkblobiogkkeedfnjkldecloidi\">FeedSquares in Google Chrome Gallery (screenshots/link to download)</a><br><br>"
    },
    "author" : "Rocket-in-Bottle Games",
    "comments" : [ ],
    "annotations" : [ ],
    "origin" : {
      "streamId" : "feed/http://blog.rocketinbottle.com/feeds/posts/default",
      "title" : "Rocket-in-Bottle",
      "htmlUrl" : "http://blog.rocketinbottle.com/"
    }
  }, {
    "isReadStateLocked" : true,
    "crawlTimeMsec" : "1279222944021",
    "timestampUsec" : "1279222944021651",
    "id" : "tag:google.com,2005:reader/item/d9805ff615d2ee98",
    "categories" : [ "user/06844125393984813108/source/com.google/link", "user/06844125393984813108/state/com.google/broadcast", "user/06844125393984813108/state/com.google/read" ],
    "title" : "My Google Profile",
    "published" : 1279222944,
    "updated" : 1279222944,
    "related" : [ {
      "href" : "http://www.google.com/profiles/",
      "title" : "Google Profiles"
    } ],
    "alternate" : [ {
      "href" : "http://www.google.com/profiles/adefaria",
      "type" : "text/html"
    } ],
    "content" : {
      "direction" : "ltr",
      "content" : "Check out my <a href=\"http://www.google.com/profiles/adefaria\">new Google profile</a>."
    },
    "comments" : [ ],
    "annotations" : [ ],
    "origin" : {
      "streamId" : "user/06844125393984813108/source/com.google/link",
      "title" : "Google Profiles",
      "htmlUrl" : "http://www.google.com/profiles/"
    }
  } ]
}