{
  "id" : "user/06844125393984813108/state/com.google/starred",
  "title" : "None's starred items in Google Reader",
  "author" : "None",
  "updated" : 1360900803,
  "direction" : "ltr",
  "items" : [ {
    "crawlTimeMsec" : "1360900803135",
    "timestampUsec" : "1360900803135209",
    "id" : "tag:google.com,2005:reader/item/ca312fceda4335dc",
    "categories" : [ "user/06844125393984813108/state/com.google/read", "user/06844125393984813108/state/com.google/starred", "user/06844125393984813108/state/com.google/tracking-mobile-read", "user/06844125393984813108/state/com.google/fresh" ],
    "title" : "Sean Carroll - The Particle at the End of the Universe",
    "published" : 1358897460,
    "updated" : 1358897460,
    "enclosure" : [ {
      "href" : "http://traffic.libsyn.com/pointofinquiry/POI_2013_01_21_Sean_Carroll.mp3",
      "type" : "audio/mpeg",
      "length" : "16631848"
    } ],
    "alternate" : [ {
      "href" : "http://pointofinquiry.libsyn.com/sean-carroll-the-particle-at-the-end-of-the-universe",
      "type" : "text/html"
    } ],
    "summary" : {
      "direction" : "ltr",
      "content" : "<p>Host: Chris Mooney</p>\n<p>Our guest this week is Sean Carroll—theoretical physicist at CalTech, and skilled science communicator.</p>\n<p>I've known Sean and his work for almost a decade, and I've invited him on to talk about his latest book: <em>The Particle at the End of the Universe: How the Higgs Boson Leads Us to the Edge of a New World</em>.</p>\n<p><strong>Sean Carroll</strong> is a physicist at the California Institute of Technology. His research focuses on theoretical physics and cosmology, especially the origin and constituents of the universe. He has contributed to models of interactions between dark matter, dark energy, and ordinary matter; alternative theories of gravity; and violations of fundamental symmetries. Carroll is also the author of <em>From Eternity to Here: The Quest for the Ultimate Theory of Time</em>. He has appeared on TV shows such as The Colbert Report and Through the Wormhole with Morgan Freeman, and frequently serves as a science consultant for film and television. He blogs at <a href=\"http://www.preposterousuniverse.com\">Preposterous Universe</a>.</p>"
    },
    "comments" : [ ],
    "annotations" : [ ],
    "origin" : {
      "streamId" : "feed/http://pointofinquiry.libsyn.com/rss",
      "title" : "Point of Inquiry",
      "htmlUrl" : "http://www.pointofinquiry.org"
    }
  }, {
    "isReadStateLocked" : true,
    "crawlTimeMsec" : "1313720898492",
    "timestampUsec" : "1313720898492826",
    "id" : "tag:google.com,2005:reader/item/124403fdbea9b896",
    "categories" : [ "user/06844125393984813108/state/com.google/starred", "user/06844125393984813108/state/com.google/read", "PS3" ],
    "title" : "UNCHARTED 3 at gamescom: Airstrip Sequence Revealed",
    "published" : 1313686963,
    "updated" : 1313686963,
    "alternate" : [ {
      "href" : "http://blog.us.playstation.com/2011/08/18/uncharted-3-at-gamescom-airstrip-sequence-revealed/?utm_source=rss&utm_medium=rss&utm_campaign=uncharted-3-at-gamescom-airstrip-sequence-revealed",
      "type" : "text/html"
    } ],
    "content" : {
      "direction" : "ltr",
      "content" : "<p>   <video src=\"http://www.viddler.com/file/f4071ae1/html5mobile/\" width=\"640\" height=\"360\" poster=\"http://www.viddler.com/thumbnail/f4071ae1/\" controls></video>  </p>\n<p>If you were one of the hundreds of thousand of fans that tuned into our <a href=\"http://blog.us.playstation.com/tag/e311/\">E3 2011 PlayStation</a> press conference, you may have caught Naughty Dog’s Community Strategist Arne Meyer give viewers a full demo of <a href=\"http://blog.us.playstation.com/2011/06/16/e3-replay-naughty-dog-demos-uncharted-3/\">UNCHARTED 3’s cruise ship sequence</a>, a tense scenario that married technical prowess and high action as Drake struggled to escape the doomed vessel.</p>\n<p>Today, <a href=\"http://www.naughtydog.com/\">Naughty Dog</a> has returned with another epic reveal. Arne and I discuss the challenges behind keeping <a href=\"http://blog.us.playstation.com/tag/uncharted-3-drakes-deception/\">UNCHARTED 3</a> as spoiler-free as possible, and how specific sequences are deliberately designed to reveal new game mechanics, story and characters at specific milestones in the game’s development process.</p>\n<p>Watch it above, and let us know what you think in the comments below.</p>"
    },
    "author" : "Rey Gutierrez",
    "comments" : [ ],
    "annotations" : [ ],
    "origin" : {
      "streamId" : "feed/http://blog.us.playstation.com/feed/",
      "title" : "PlayStation Blog",
      "htmlUrl" : "http://blog.us.playstation.com"
    }
  }, {
    "isReadStateLocked" : true,
    "crawlTimeMsec" : "1312183060722",
    "timestampUsec" : "1312183060722665",
    "id" : "tag:google.com,2005:reader/item/4bdbf061b02314e2",
    "categories" : [ "user/06844125393984813108/state/com.google/kept-unread", "user/06844125393984813108/state/com.google/starred", "user/06844125393984813108/state/com.google/read", "Itunes Podcast", "Uncategorized" ],
    "title" : "Episode 175",
    "published" : 1312182035,
    "updated" : 1312182035,
    "enclosure" : [ {
      "href" : "http://media.blubrry.com/peikoff/www.peikoff.com/wp-content/uploads/2011/07/2011-08-01.175_full.mp3",
      "type" : "audio/mpeg",
      "length" : "23003009"
    } ],
    "alternate" : [ {
      "href" : "http://www.peikoff.com/2011/08/01/episode-175/",
      "type" : "text/html"
    } ],
    "author" : "admin",
    "comments" : [ ],
    "annotations" : [ ],
    "origin" : {
      "streamId" : "feed/http://www.peikoff.com/feed/",
      "title" : "Peikoff",
      "htmlUrl" : "http://www.peikoff.com"
    }
  } ]
}